INSERT INTO user (userId, name, surname, birthday, email) VALUES ('user1Id', 'user1Name', 'user1Surname', '2000-02-12 00:00:00', 'user1@email.com');
INSERT INTO user (userId, name, surname, birthday, email) VALUES ('user2Id', 'user2Name', 'user2Surname', '2001-01-01 00:00:00', 'user2@email.com');
INSERT INTO user (userId, name, surname, birthday, email) VALUES ('user3Id', 'user3Name', 'user3Surname', '2002-01-01 00:00:00', 'user3@email.com');
INSERT INTO user (userId, name, surname, birthday, email) VALUES ('user4Id', 'user4Name', 'user4Surname', '2002-01-01 00:00:00', 'user4@email.com');
INSERT INTO event (eventId, name, price, rating, startTime, endTime, auditoriumId) VALUES ('event1Id', 'event1Name', 30, 'HIGH', '2016-02-12 12:00:00', '2016-02-12 13:00:00', 'Auditorium Small');
INSERT INTO event (eventId, name, price, rating, startTime, endTime, auditoriumId) VALUES ('event2Id', 'event2Name', 50, 'MID', '2016-02-12 15:00:00', '2016-02-12 16:00:00', 'Auditorium Small');
INSERT INTO event (eventId, name, price, rating, startTime, endTime, auditoriumId) VALUES ('event3Id', 'event3Name', 30, 'LOW', '2016-02-12 12:20:00', '2016-02-12 12:30:00', 'Auditorium Big');
INSERT INTO event (eventId, name, price, rating, startTime, endTime, auditoriumId) VALUES ('event4Id', 'event4Name', 30, 'LOW', '2016-03-12 12:20:00', '2016-03-12 12:30:00', 'Auditorium Big');
INSERT INTO ticket (ticketId, userId, eventId, seatNumber, price) VALUES ('ticket1Id', 'user1Id', 'event1Id', 15, 30);
INSERT INTO ticket (ticketId, userId, eventId, seatNumber, price) VALUES ('ticket2Id', 'user2Id', 'event2Id', 25, 50);
INSERT INTO ticket (ticketId, userId, eventId, seatNumber, price) VALUES ('ticket3Id', 'user3Id', 'event3Id', 10, 20);
INSERT INTO ticket (ticketId, userId, eventId, seatNumber, price) VALUES ('ticket4Id', '', 'event1Id', 50, 100);
INSERT INTO ticket (ticketId, userId, eventId, seatNumber, price) VALUES ('ticket5Id', '', 'event1Id', 80, 160);
INSERT INTO ticket (ticketId, userId, eventId, seatNumber, price) VALUES ('ticket6Id', 'user3Id', 'event1Id', 16, 30);
INSERT INTO ticket (ticketId, userId, eventId, seatNumber, price) VALUES ('ticket7Id', 'user3Id', 'event1Id', 17, 30);
INSERT INTO ticket (ticketId, userId, eventId, seatNumber, price) VALUES ('ticket8Id', 'user3Id', 'event1Id', 18, 30);
INSERT INTO ticket (ticketId, userId, eventId, seatNumber, price) VALUES ('ticket9Id', 'user3Id', 'event1Id', 19, 30);
INSERT INTO ticket (ticketId, userId, eventId, seatNumber, price) VALUES ('ticket10Id', 'user3Id', 'event1Id', 20, 30);
INSERT INTO ticket (ticketId, userId, eventId, seatNumber, price) VALUES ('ticket11Id', 'user3Id', 'event1Id', 21, 30);
INSERT INTO ticket (ticketId, userId, eventId, seatNumber, price) VALUES ('ticket12Id', 'user3Id', 'event1Id', 22, 30);
INSERT INTO ticket (ticketId, userId, eventId, seatNumber, price) VALUES ('ticket13Id', 'user3Id', 'event1Id', 23, 30);